n_estimators,learning_rate,max_depth,min_child_weight,subsample,colsample_bytree,rmse
300,0.03,3,1,0.8,0.8,22.89426660203381
300,0.03,3,1,0.8,1.0,22.86216076723163
300,0.03,3,1,1.0,0.8,23.074760541522775
300,0.03,3,1,1.0,1.0,22.86826788097462
300,0.03,3,5,0.8,0.8,22.894094258202824
300,0.03,3,5,0.8,1.0,22.830888827523047
300,0.03,3,5,1.0,0.8,23.09330708675512
300,0.03,3,5,1.0,1.0,22.858061774793466
300,0.03,3,10,0.8,0.8,22.96610604675227
300,0.03,3,10,0.8,1.0,22.8302227061533
300,0.03,3,10,1.0,0.8,23.095870039204137
300,0.03,3,10,1.0,1.0,22.880869632436312
300,0.03,5,1,0.8,0.8,22.128182390210775
300,0.03,5,1,0.8,1.0,22.169176175224827
300,0.03,5,1,1.0,0.8,22.24458152810387
300,0.03,5,1,1.0,1.0,22.2218466247321
300,0.03,5,5,0.8,0.8,22.20438362475401
300,0.03,5,5,0.8,1.0,22.108489981789372
300,0.03,5,5,1.0,0.8,22.198343376734567
300,0.03,5,5,1.0,1.0,22.185371924767377
300,0.03,5,10,0.8,0.8,22.184726076508802
300,0.03,5,10,0.8,1.0,21.998896558257233
300,0.03,5,10,1.0,0.8,22.269598041311472
300,0.03,5,10,1.0,1.0,22.278551516132993
300,0.03,7,1,0.8,0.8,21.416420012752532
300,0.03,7,1,0.8,1.0,21.62405932919235
300,0.03,7,1,1.0,0.8,21.706293242345485
300,0.03,7,1,1.0,1.0,21.6247519033878
300,0.03,7,5,0.8,0.8,21.539280055648028
300,0.03,7,5,0.8,1.0,21.536850136882066
300,0.03,7,5,1.0,0.8,21.609484561686415
300,0.03,7,5,1.0,1.0,21.609182559136123
300,0.03,7,10,0.8,0.8,21.406226042065867
300,0.03,7,10,0.8,1.0,21.22689204598439
300,0.03,7,10,1.0,0.8,21.49823424036166
300,0.03,7,10,1.0,1.0,21.40845649091123
300,0.05,3,1,0.8,0.8,22.357214184739785
300,0.05,3,1,0.8,1.0,22.535558924444718
300,0.05,3,1,1.0,0.8,22.61941236861005
300,0.05,3,1,1.0,1.0,22.662982843261336
300,0.05,3,5,0.8,0.8,22.287549452332136
300,0.05,3,5,0.8,1.0,22.53056833473736
300,0.05,3,5,1.0,0.8,22.662849219211733
300,0.05,3,5,1.0,1.0,22.642326717326608
300,0.05,3,10,0.8,0.8,22.48570580745059
300,0.05,3,10,0.8,1.0,22.60821022251597
300,0.05,3,10,1.0,0.8,22.66629625775476
300,0.05,3,10,1.0,1.0,22.649667097801746
300,0.05,5,1,0.8,0.8,21.89392412393221
300,0.05,5,1,0.8,1.0,21.77404530992858
300,0.05,5,1,1.0,0.8,22.18520814155285
300,0.05,5,1,1.0,1.0,21.86389995103874
300,0.05,5,5,0.8,0.8,22.001434065884467
300,0.05,5,5,0.8,1.0,21.93428858041841
300,0.05,5,5,1.0,0.8,22.075166179262713
300,0.05,5,5,1.0,1.0,21.90414657420295
300,0.05,5,10,0.8,0.8,22.153968550962656
300,0.05,5,10,0.8,1.0,21.82475397306382
300,0.05,5,10,1.0,0.8,22.04759776126634
300,0.05,5,10,1.0,1.0,22.021745776091826
300,0.05,7,1,0.8,0.8,21.332656867932254
300,0.05,7,1,0.8,1.0,21.56414496519389
300,0.05,7,1,1.0,0.8,21.43031961749352
300,0.05,7,1,1.0,1.0,21.496107976137168
300,0.05,7,5,0.8,0.8,21.208835673950993
300,0.05,7,5,0.8,1.0,21.470772220120253
300,0.05,7,5,1.0,0.8,21.29703686194917
300,0.05,7,5,1.0,1.0,21.23049680199213
300,0.05,7,10,0.8,0.8,21.14481969539998
300,0.05,7,10,0.8,1.0,21.136782313281536
300,0.05,7,10,1.0,0.8,21.255544965091083
300,0.05,7,10,1.0,1.0,21.29275498824219
300,0.1,3,1,0.8,0.8,22.28680517032317
300,0.1,3,1,0.8,1.0,21.686386836794096
300,0.1,3,1,1.0,0.8,22.039770230912684
300,0.1,3,1,1.0,1.0,22.038172903484842
300,0.1,3,5,0.8,0.8,22.3564976988535
300,0.1,3,5,0.8,1.0,21.544777520842352
300,0.1,3,5,1.0,0.8,22.119727198768917
300,0.1,3,5,1.0,1.0,22.03772983446954
300,0.1,3,10,0.8,0.8,22.180178238057156
300,0.1,3,10,0.8,1.0,21.781915456310728
300,0.1,3,10,1.0,0.8,22.117419719417377
300,0.1,3,10,1.0,1.0,21.97333223444284
300,0.1,5,1,0.8,0.8,21.2080230316576
300,0.1,5,1,0.8,1.0,21.179690628299042
300,0.1,5,1,1.0,0.8,21.680798794617374
300,0.1,5,1,1.0,1.0,21.519153330599554
300,0.1,5,5,0.8,0.8,21.28150190691146
300,0.1,5,5,0.8,1.0,21.22789122620464
300,0.1,5,5,1.0,0.8,21.884915417983084
300,0.1,5,5,1.0,1.0,21.695062981522362
300,0.1,5,10,0.8,0.8,21.476779103144604
300,0.1,5,10,0.8,1.0,21.11501120415094
300,0.1,5,10,1.0,0.8,21.495516684484418
300,0.1,5,10,1.0,1.0,21.338065257989104
300,0.1,7,1,0.8,0.8,21.238200864960532
300,0.1,7,1,0.8,1.0,21.386392988324186
300,0.1,7,1,1.0,0.8,21.347388907334647
300,0.1,7,1,1.0,1.0,21.349287064419737
300,0.1,7,5,0.8,0.8,20.91531424534962
300,0.1,7,5,0.8,1.0,21.197830678003264
300,0.1,7,5,1.0,0.8,20.930500630621026
300,0.1,7,5,1.0,1.0,21.21976194070631
300,0.1,7,10,0.8,0.8,21.0530835029214
300,0.1,7,10,0.8,1.0,21.515334023487352
300,0.1,7,10,1.0,0.8,21.024401374593985
300,0.1,7,10,1.0,1.0,21.11788684968656
500,0.03,3,1,0.8,0.8,22.47450954356071
500,0.03,3,1,0.8,1.0,22.540549731319935
500,0.03,3,1,1.0,0.8,22.644371465234038
500,0.03,3,1,1.0,1.0,22.55458538691688
500,0.03,3,5,0.8,0.8,22.451173079283027
500,0.03,3,5,0.8,1.0,22.495857192282507
500,0.03,3,5,1.0,0.8,22.598412374318464
500,0.03,3,5,1.0,1.0,22.552173133690594
500,0.03,3,10,0.8,0.8,22.489664313812867
500,0.03,3,10,0.8,1.0,22.548363763524186
500,0.03,3,10,1.0,0.8,22.707061975306296
500,0.03,3,10,1.0,1.0,22.56954737079851
500,0.03,5,1,0.8,0.8,21.749703834398325
500,0.03,5,1,0.8,1.0,21.93977591727983
500,0.03,5,1,1.0,0.8,21.92636789405565
500,0.03,5,1,1.0,1.0,21.989232719069438
500,0.03,5,5,0.8,0.8,21.916377104983297
500,0.03,5,5,0.8,1.0,21.886935644791386
500,0.03,5,5,1.0,0.8,21.829418272835127
500,0.03,5,5,1.0,1.0,21.8596747697858
500,0.03,5,10,0.8,0.8,21.979306927075747
500,0.03,5,10,0.8,1.0,21.718502782489924
500,0.03,5,10,1.0,0.8,21.94013775887225
500,0.03,5,10,1.0,1.0,21.99391457728989
500,0.03,7,1,0.8,0.8,21.157941578617336
500,0.03,7,1,0.8,1.0,21.35024258050397
500,0.03,7,1,1.0,0.8,21.45999751414569
500,0.03,7,1,1.0,1.0,21.405714788233666
500,0.03,7,5,0.8,0.8,21.228875410779523
500,0.03,7,5,0.8,1.0,21.30813366968773
500,0.03,7,5,1.0,0.8,21.335142664647833
500,0.03,7,5,1.0,1.0,21.377206059464598
500,0.03,7,10,0.8,0.8,21.17067527915804
500,0.03,7,10,0.8,1.0,20.9413144144124
500,0.03,7,10,1.0,0.8,21.202087833763336
500,0.03,7,10,1.0,1.0,21.200529922963263
500,0.05,3,1,0.8,0.8,22.07954403132567
500,0.05,3,1,0.8,1.0,21.958605430517338
500,0.05,3,1,1.0,0.8,22.222583325929964
500,0.05,3,1,1.0,1.0,22.12619402254705
500,0.05,3,5,0.8,0.8,21.91793356516437
500,0.05,3,5,0.8,1.0,21.980113349087812
500,0.05,3,5,1.0,0.8,22.239053622902954
500,0.05,3,5,1.0,1.0,22.076523582824986
500,0.05,3,10,0.8,0.8,22.032465128498412
500,0.05,3,10,0.8,1.0,21.983438794972066
500,0.05,3,10,1.0,0.8,22.13849837873528
500,0.05,3,10,1.0,1.0,22.122893185534906
500,0.05,5,1,0.8,0.8,21.323020685424755
500,0.05,5,1,0.8,1.0,21.52457568635774
500,0.05,5,1,1.0,0.8,21.812584000484623
500,0.05,5,1,1.0,1.0,21.590619264480026
500,0.05,5,5,0.8,0.8,21.60902140936867
500,0.05,5,5,0.8,1.0,21.741933706641998
500,0.05,5,5,1.0,0.8,21.63230556339169
500,0.05,5,5,1.0,1.0,21.618475443893537
500,0.05,5,10,0.8,0.8,21.64829164433588
500,0.05,5,10,0.8,1.0,21.578652754067896
500,0.05,5,10,1.0,0.8,21.57426919294235
500,0.05,5,10,1.0,1.0,21.709751006822867
500,0.05,7,1,0.8,0.8,21.077909087922
500,0.05,7,1,0.8,1.0,21.272937043935833
500,0.05,7,1,1.0,0.8,21.1991625890694
500,0.05,7,1,1.0,1.0,21.320589393950517
500,0.05,7,5,0.8,0.8,20.945280826874733
500,0.05,7,5,0.8,1.0,21.165560041557605
500,0.05,7,5,1.0,0.8,21.072784780483644
500,0.05,7,5,1.0,1.0,21.088828601187394
500,0.05,7,10,0.8,0.8,20.83094510475817
500,0.05,7,10,0.8,1.0,20.99678407060336
500,0.05,7,10,1.0,0.8,20.924205343102347
500,0.05,7,10,1.0,1.0,21.00733854180537
500,0.1,3,1,0.8,0.8,21.702071069708733
500,0.1,3,1,0.8,1.0,21.225938407989904
500,0.1,3,1,1.0,0.8,21.58358688488856
500,0.1,3,1,1.0,1.0,21.521782165860586
500,0.1,3,5,0.8,0.8,21.881793671408907
500,0.1,3,5,0.8,1.0,21.160938345307155
500,0.1,3,5,1.0,0.8,21.44174637348035
500,0.1,3,5,1.0,1.0,21.509483242045086
500,0.1,3,10,0.8,0.8,21.583942012476697
500,0.1,3,10,0.8,1.0,21.34883550120473
500,0.1,3,10,1.0,0.8,21.46378156218236
500,0.1,3,10,1.0,1.0,21.47480455359232
500,0.1,5,1,0.8,0.8,20.97334074364531
500,0.1,5,1,0.8,1.0,21.016315755899097
500,0.1,5,1,1.0,0.8,21.401012959035405
500,0.1,5,1,1.0,1.0,21.24382837368685
500,0.1,5,5,0.8,0.8,21.04167309692052
500,0.1,5,5,0.8,1.0,21.046988932782323
500,0.1,5,5,1.0,0.8,21.563764714214106
500,0.1,5,5,1.0,1.0,21.51160223145768
500,0.1,5,10,0.8,0.8,20.961326161167232
500,0.1,5,10,0.8,1.0,20.924436863744702
500,0.1,5,10,1.0,0.8,21.215848730679316
500,0.1,5,10,1.0,1.0,21.09825004482089
500,0.1,7,1,0.8,0.8,21.185950836922817
500,0.1,7,1,0.8,1.0,21.296218402330187
500,0.1,7,1,1.0,0.8,21.27374814542463
500,0.1,7,1,1.0,1.0,21.141743854394207
500,0.1,7,5,0.8,0.8,20.860250786450365
500,0.1,7,5,0.8,1.0,21.073982994746967
500,0.1,7,5,1.0,0.8,20.82022168277693
500,0.1,7,5,1.0,1.0,21.3130056188345
500,0.1,7,10,0.8,0.8,20.980428474334484
500,0.1,7,10,0.8,1.0,21.425999478389027
500,0.1,7,10,1.0,0.8,20.9435408660942
500,0.1,7,10,1.0,1.0,20.988164393774923
800,0.03,3,1,0.8,0.8,22.0755651708988
800,0.03,3,1,0.8,1.0,22.002779874561615
800,0.03,3,1,1.0,0.8,22.27111305808277
800,0.03,3,1,1.0,1.0,22.12121441624042
800,0.03,3,5,0.8,0.8,22.063305808477935
800,0.03,3,5,0.8,1.0,21.950443509940783
800,0.03,3,5,1.0,0.8,22.280153913986616
800,0.03,3,5,1.0,1.0,22.16024590120903
800,0.03,3,10,0.8,0.8,22.018479734455823
800,0.03,3,10,0.8,1.0,21.92893515789412
800,0.03,3,10,1.0,0.8,22.375003933667745
800,0.03,3,10,1.0,1.0,22.1315085430341
800,0.03,5,1,0.8,0.8,21.480996854415526
800,0.03,5,1,0.8,1.0,21.58346838640183
800,0.03,5,1,1.0,0.8,21.651169550095318
800,0.03,5,1,1.0,1.0,21.83563685236077
800,0.03,5,5,0.8,0.8,21.553780286434318
800,0.03,5,5,0.8,1.0,21.603404716563823
800,0.03,5,5,1.0,0.8,21.491730819762978
800,0.03,5,5,1.0,1.0,21.622661286498058
800,0.03,5,10,0.8,0.8,21.608203554667305
800,0.03,5,10,0.8,1.0,21.487487160629865
800,0.03,5,10,1.0,0.8,21.492499407483095
800,0.03,5,10,1.0,1.0,21.711828641446218
800,0.03,7,1,0.8,0.8,20.907168825982662
800,0.03,7,1,0.8,1.0,21.167212008338556
800,0.03,7,1,1.0,0.8,21.247386029538987
800,0.03,7,1,1.0,1.0,21.279648944871923
800,0.03,7,5,0.8,0.8,20.98199470121486
800,0.03,7,5,0.8,1.0,21.03731783034633
800,0.03,7,5,1.0,0.8,21.112731784446062
800,0.03,7,5,1.0,1.0,21.225905616202038
800,0.03,7,10,0.8,0.8,20.970306886061255
800,0.03,7,10,0.8,1.0,20.70816302619918
800,0.03,7,10,1.0,0.8,21.02934160576747
800,0.03,7,10,1.0,1.0,20.988937368810376
800,0.05,3,1,0.8,0.8,21.6387242532031
800,0.05,3,1,0.8,1.0,21.55931820480909
800,0.05,3,1,1.0,0.8,21.629688859447732
800,0.05,3,1,1.0,1.0,21.691240349761213
800,0.05,3,5,0.8,0.8,21.434209911638938
800,0.05,3,5,0.8,1.0,21.46361671651165
800,0.05,3,5,1.0,0.8,21.692894563971823
800,0.05,3,5,1.0,1.0,21.580648044859004
800,0.05,3,10,0.8,0.8,21.643163880129148
800,0.05,3,10,0.8,1.0,21.56660502810298
800,0.05,3,10,1.0,0.8,21.67305313852045
800,0.05,3,10,1.0,1.0,21.672772674988547
800,0.05,5,1,0.8,0.8,20.931284875506826
800,0.05,5,1,0.8,1.0,21.162972338516433
800,0.05,5,1,1.0,0.8,21.4151583626773
800,0.05,5,1,1.0,1.0,21.254418699865965
800,0.05,5,5,0.8,0.8,21.18846750072947
800,0.05,5,5,0.8,1.0,21.347097706674262
800,0.05,5,5,1.0,0.8,21.25815210666289
800,0.05,5,5,1.0,1.0,21.233494571906327
800,0.05,5,10,0.8,0.8,21.248869682179876
800,0.05,5,10,0.8,1.0,21.001707249948055
800,0.05,5,10,1.0,0.8,21.076394809535763
800,0.05,5,10,1.0,1.0,21.20031587938368
800,0.05,7,1,0.8,0.8,20.915669627404863
800,0.05,7,1,0.8,1.0,21.16189175282788
800,0.05,7,1,1.0,0.8,21.089255728843032
800,0.05,7,1,1.0,1.0,21.325867323449156
800,0.05,7,5,0.8,0.8,20.8695164654847
800,0.05,7,5,0.8,1.0,21.037450903283325
800,0.05,7,5,1.0,0.8,20.959113891682048
800,0.05,7,5,1.0,1.0,21.07983421582114
800,0.05,7,10,0.8,0.8,20.56559762371237
800,0.05,7,10,0.8,1.0,20.859116879354932
800,0.05,7,10,1.0,0.8,20.756709683013245
800,0.05,7,10,1.0,1.0,20.925910512047302
800,0.1,3,1,0.8,0.8,21.264148334242304
800,0.1,3,1,0.8,1.0,20.594144933642813
800,0.1,3,1,1.0,0.8,21.211766712226346
800,0.1,3,1,1.0,1.0,20.86447093716287
800,0.1,3,5,0.8,0.8,21.385541793228107
800,0.1,3,5,0.8,1.0,20.49684152414285
800,0.1,3,5,1.0,0.8,21.054314987912342
800,0.1,3,5,1.0,1.0,20.456009125909624
800,0.1,3,10,0.8,0.8,21.343083128583405
800,0.1,3,10,0.8,1.0,20.875227851565768
800,0.1,3,10,1.0,0.8,21.15052461942573
800,0.1,3,10,1.0,1.0,20.858418491646308
800,0.1,5,1,0.8,0.8,20.86750811796194
800,0.1,5,1,0.8,1.0,20.88531148412947
800,0.1,5,1,1.0,0.8,21.28288477661072
800,0.1,5,1,1.0,1.0,21.23575158942133
800,0.1,5,5,0.8,0.8,20.90176576893083
800,0.1,5,5,0.8,1.0,20.905943332102005
800,0.1,5,5,1.0,0.8,21.329345621471916
800,0.1,5,5,1.0,1.0,21.39963119966294
800,0.1,5,10,0.8,0.8,20.767310165595912
800,0.1,5,10,0.8,1.0,20.78792255404317
800,0.1,5,10,1.0,0.8,20.852218823550004
800,0.1,5,10,1.0,1.0,20.982469096703593
800,0.1,7,1,0.8,0.8,21.16801340207351
800,0.1,7,1,0.8,1.0,21.347739774576407
800,0.1,7,1,1.0,0.8,21.356660024222656
800,0.1,7,1,1.0,1.0,21.13769802066926
800,0.1,7,5,0.8,0.8,20.976821251040384
800,0.1,7,5,0.8,1.0,21.02462271283746
800,0.1,7,5,1.0,0.8,20.879451475155065
800,0.1,7,5,1.0,1.0,21.28489111346715
800,0.1,7,10,0.8,0.8,21.011174061758773
800,0.1,7,10,0.8,1.0,21.415734063326656
800,0.1,7,10,1.0,0.8,20.942933904924764
800,0.1,7,10,1.0,1.0,20.938355502720338
